date,symbol,action,quantity,price,cash_after
2025-11-01,APD,BUY,0.020610907603278775,242.58999633789062,4995
2025-11-01,ARE,BUY,0.08588113870086955,58.220001220703125,4990
2025-11-01,MO,BUY,0.08868392879168756,56.380001068115234,4985
2025-11-01,AMT,BUY,0.027936082910692942,178.97999572753906,4980
2025-11-01,AWK,BUY,0.0389317159942724,128.42999267578125,4975
2025-11-01,AMP,BUY,0.011043134751250088,452.7699890136719,4970
2025-11-01,APTV,BUY,0.06165228229437629,81.0999984741211,4965
2025-11-01,AJG,BUY,0.02004088296088878,249.49000549316406,4960
2025-11-01,ADP,BUY,0.019208606356050935,260.29998779296875,4955
2025-11-01,AVB,BUY,0.028748850348670175,173.9199981689453,4950
2025-11-01,BALL,BUY,0.10638297872340426,47.0,4945
2025-11-01,BAX,BUY,0.27070926832059033,18.469999313354492,4940
2025-11-01,XYZ,BUY,0.06584145166255291,75.94000244140625,4935
2025-11-01,BA,BUY,0.024873146421900576,201.02000427246094,4930
2025-11-01,BRO,BUY,0.06270378898858471,79.73999786376953,4925
2025-11-01,BLDR,BUY,0.043040372547209056,116.16999816894531,4920
2025-11-01,CBRE,BUY,0.03280194345108318,152.42999267578125,4915
2025-11-01,CRL,BUY,0.027766978378567092,180.07000732421875,4910
2025-11-01,CMG,BUY,0.1577784763564911,31.690000534057617,4905
2025-11-01,CI,BUY,0.020457427785617044,244.41000366210938,4900
2025-11-01,CMCSA,BUY,0.17959770016507062,27.84000015258789,4895
2025-11-01,CAG,BUY,0.290866773976753,17.190000534057617,4890
2025-11-01,CPAY,BUY,0.01920491600838293,260.3500061035156,4885
2025-11-01,CSGP,BUY,0.07266385957567216,68.80999755859375,4880
2025-11-01,CCI,BUY,0.05542008348867802,90.22000122070312,4875
2025-11-01,CVS,BUY,0.06397952530230316,78.1500015258789,4870
2025-11-01,DVA,BUY,0.04200974744600851,119.0199966430664,4865
2025-11-01,DECK,BUY,0.06134969325153374,81.5,4860
2025-11-01,DAL,BUY,0.0871383741186158,57.380001068115234,4855
2025-11-01,DXCM,BUY,0.08588113870086955,58.220001220703125,4850
2025-11-01,DOW,BUY,0.20964360251686845,23.850000381469727,4845
2025-11-01,DHI,BUY,0.033539039029971726,149.0800018310547,4840
2025-11-01,EMN,BUY,0.08400537569800724,59.52000045776367,4835
2025-11-01,EBAY,BUY,0.06149305313158928,81.30999755859375,4830
2025-11-01,ECL,BUY,0.01950078049541076,256.3999938964844,4825
2025-11-01,ELV,BUY,0.015762924992375416,317.20001220703125,4820
2025-11-01,EME,BUY,0.007398857295623728,675.780029296875,4815
2025-11-01,EFX,BUY,0.023685456444507088,211.10000610351562,4810
2025-11-01,EQR,BUY,0.08411844070523383,59.439998626708984,4805
2025-11-01,ERIE,BUY,0.01708583840117265,292.6400146484375,4800
2025-11-01,EG,BUY,0.01589724079439242,314.5199890136719,4795
2025-11-01,EXR,BUY,0.03744196683675597,133.5399932861328,4790
2025-11-01,FFIV,BUY,0.01975894068247579,253.0500030517578,4785
2025-11-01,FDS,BUY,0.018740630542606683,266.79998779296875,4780
2025-11-01,FIS,BUY,0.07997440760381672,62.52000045776367,4775
2025-11-01,FI,BUY,0.07497375643962517,66.69000244140625,4770
2025-11-01,GRMN,BUY,0.023371038342253906,213.94000244140625,4765
2025-11-01,GNRC,BUY,0.02975836134304585,168.02000427246094,4760
2025-11-01,GPN,BUY,0.06430040975616648,77.76000213623047,4755
2025-11-01,DOC,BUY,0.2785515201939864,17.950000762939453,4750
2025-11-01,HSY,BUY,0.029475917326384615,169.6300048828125,4745
2025-11-01,HRL,BUY,0.23158869683475541,21.59000015258789,4740
2025-11-01,ICE,BUY,0.034178687739908196,146.2899932861328,4735
2025-11-01,IP,BUY,0.12939958796530127,38.63999938964844,4730
2025-11-01,IPG,BUY,0.19485580786175513,25.65999984741211,4725
2025-11-01,KDP,BUY,0.18409425729346665,27.15999984741211,4720
2025-11-01,KIM,BUY,0.24201355454638615,20.65999984741211,4715
2025-11-01,KR,BUY,0.07857928518101946,63.630001068115234,4710
2025-11-01,LH,BUY,0.019688139344055944,253.9600067138672,4705
2025-11-01,LW,BUY,0.08099789465540083,61.72999954223633,4700
2025-11-01,LIN,BUY,0.011953144025609378,418.29998779296875,4695
2025-11-01,LULU,BUY,0.02931863607858232,170.5399932861328,4690
2025-11-01,LYB,BUY,0.10771219726899879,46.41999816894531,4685
2025-11-01,MMC,BUY,0.028066237279274306,178.14999389648438,4680
2025-11-01,MAS,BUY,0.07720815063411977,64.76000213623047,4675
2025-11-01,META,BUY,0.007711884303660716,648.3499755859375,4670
2025-11-01,MOH,BUY,0.032666928523149376,153.05999755859375,4665
2025-11-01,MDLZ,BUY,0.08701705672931595,57.459999084472656,4660
2025-11-01,MPWR,BUY,0.004975124378109453,1005.0,4655
2025-11-01,MOS,BUY,0.18214935741461089,27.450000762939453,4650
2025-11-01,MSI,BUY,0.012293772233407892,406.7099914550781,4645
2025-11-01,NEE,BUY,0.06142506027362157,81.4000015258789,4640
2025-11-01,NKE,BUY,0.07741136837728592,64.58999633789062,4635
2025-11-01,NXPI,BUY,0.02390971746722775,209.1199951171875,4630
2025-11-01,OMC,BUY,0.06664889661071607,75.0199966430664,4625
2025-11-01,ORCL,BUY,0.01903964159362172,262.6099853515625,4620
2025-11-01,PKG,BUY,0.025541480079196672,195.75999450683594,4615
2025-11-01,PSKY,BUY,0.3248862825509517,15.390000343322754,4610
2025-11-01,PAYX,BUY,0.042724088286366126,117.02999877929688,4605
2025-11-01,PAYC,BUY,0.026725106087285594,187.08999633789062,4600
2025-11-01,PM,BUY,0.03464283195847766,144.3300018310547,4595
2025-11-01,POOL,BUY,0.018722384654043835,267.05999755859375,4590
2025-11-01,PPG,BUY,0.05115089514066496,97.75,4585
2025-11-01,PSA,BUY,0.017949454493904043,278.55999755859375,4580
2025-11-01,RL,BUY,0.01564161904122718,319.6600036621094,4575
2025-11-01,REG,BUY,0.07251631938074321,68.94999694824219,4570
2025-11-01,RSG,BUY,0.024010756185675074,208.24000549316406,4565
2025-11-01,RCL,BUY,0.017431929135973624,286.8299865722656,4560
2025-11-01,SW,BUY,0.13542795904593713,36.91999816894531,4555
2025-11-01,LUV,BUY,0.1650165058052014,30.299999237060547,4550
2025-11-01,SWK,BUY,0.0738334304470068,67.72000122070312,4545
2025-11-01,SBUX,BUY,0.06182762248281641,80.87000274658203,4540
2025-11-01,SYK,BUY,0.014035482082487241,356.239990234375,4535
2025-11-01,TGT,BUY,0.053925797391853006,92.72000122070312,4530
2025-11-01,TTD,BUY,0.09944312095048784,50.279998779296875,4525
2025-11-01,TYL,BUY,0.010498467008516164,476.260009765625,4520
2025-11-01,UDR,BUY,0.14841199773858305,33.689998626708984,4515
2025-11-01,UNH,BUY,0.014638716581974043,341.55999755859375,4510
2025-11-01,VLTO,BUY,0.05066882837998683,98.68000030517578,4505
2025-11-01,VRSK,BUY,0.022856098580875384,218.75999450683594,4500
2025-11-01,VST,BUY,0.026553371847931703,188.3000030517578,4495
2025-11-01,WRB,BUY,0.07008691136341373,71.33999633789062,4490
2025-11-01,WM,BUY,0.02502878256527759,199.77000427246094,4485
2025-11-01,WYNN,BUY,0.04202033859790846,118.98999786376953,4480
2025-11-03,ABBV,BUY,0.023528305158556494,212.50999450683594,4475.0
2025-11-03,ADBE,BUY,0.014811742428283196,337.57000732421875,4470.0
2025-11-03,APD,BUY,0.020982395931177383,238.2949981689453,4465.0
2025-11-03,ARE,BUY,0.08992806002193039,55.599998474121094,4460.0
2025-11-03,MO,BUY,0.0882690433329268,56.64500045776367,4455.0
2025-11-03,AMCR,BUY,0.6349206349206349,7.875,4450.0
2025-11-03,AWK,BUY,0.03965421639478212,126.08999633789062,4445.0
2025-11-03,AMP,BUY,0.011062191880415977,451.989990234375,4440.0
2025-11-03,APTV,BUY,0.061094821893156404,81.83999633789062,4435.0
2025-11-03,AJG,BUY,0.020532194120716996,243.52000427246094,4430.0
2025-11-03,ADP,BUY,0.019438991004364876,257.2149963378906,4425.0
2025-11-03,AZO,BUY,0.0014019562629349804,3566.445068359375,4420.0
2025-11-03,AVB,BUY,0.02863524415853865,174.61000061035156,4415.0
2025-11-03,BAX,BUY,0.27487629759209564,18.190000534057617,4410.0
2025-11-03,BX,BUY,0.034862641638790985,143.4199981689453,4405.0
2025-11-03,XYZ,BUY,0.06730380856618015,74.29000091552734,4400.0
2025-11-03,BA,BUY,0.024321431829293357,205.5800018310547,4395.0
2025-11-03,BRO,BUY,0.06413956619276437,77.95500183105469,4390.0
2025-11-03,BLDR,BUY,0.0443852634911093,112.6500015258789,4385.0
2025-11-03,BXP,BUY,0.0711035270435022,70.31999969482422,4380.0
2025-11-03,CBRE,BUY,0.03321321315842474,150.54249572753906,4375.0
2025-11-03,CRL,BUY,0.028104096998930485,177.91000366210938,4370.0
2025-11-03,CHTR,BUY,0.02253775011242051,221.85000610351562,4365.0
2025-11-03,CMG,BUY,0.1593371616864585,31.3799991607666,4360.0
2025-11-03,CI,BUY,0.0196602699591219,254.32000732421875,4355.0
2025-11-03,CLX,BUY,0.04575402686541072,109.27999877929688,4350.0
2025-11-03,COIN,BUY,0.015134546338648037,330.3699951171875,4345.0
2025-11-03,CMCSA,BUY,0.18635855438755233,26.829999923706055,4340.0
2025-11-03,CPAY,BUY,0.01904834540751647,262.489990234375,4335.0
2025-11-03,CSGP,BUY,0.07153075666455976,69.9000015258789,4330.0
2025-11-03,CCI,BUY,0.056217673293791556,88.94000244140625,4325.0
2025-11-03,DVA,BUY,0.04224400113396678,118.36000061035156,4320.0
2025-11-03,DECK,BUY,0.062111801242236024,80.5,4315.0
2025-11-03,DXCM,BUY,0.08359107439262511,59.814998626708984,4310.0
2025-11-03,DASH,BUY,0.02068102603588948,241.7675018310547,4305.0
2025-11-03,DOW,BUY,0.21528524942412033,23.225000381469727,4300.0
2025-11-03,DHI,BUY,0.03459429510850941,144.53250122070312,4295.0
2025-11-03,DD,BUY,0.1440922158520566,34.70000076293945,4290.0
2025-11-03,EMN,BUY,0.0864378925487941,57.845001220703125,4285.0
2025-11-03,EBAY,BUY,0.06027364100579431,82.95500183105469,4280.0
2025-11-03,ELV,BUY,0.015989765925207636,312.70001220703125,4275.0
2025-11-03,EME,BUY,0.007371478515046608,678.2899780273438,4270.0
2025-11-03,EFX,BUY,0.023924017879932504,208.9949951171875,4265.0
2025-11-03,ERIE,BUY,0.017507309226802895,285.5950012207031,4260.0
2025-11-03,EL,BUY,0.05354178814180437,93.38500213623047,4255.0
2025-11-03,EXR,BUY,0.03809959215716733,131.23500061035156,4250.0
2025-11-03,FFIV,BUY,0.020034458681985983,249.57000732421875,4245.0
2025-11-03,FDS,BUY,0.01887219730476825,264.94000244140625,4240.0
2025-11-03,FIS,BUY,0.08055421338139512,62.06999969482422,4235.0
2025-11-03,FI,BUY,0.07691124189662916,65.01000213623047,4230.0
2025-11-03,GRMN,BUY,0.02377895038952472,210.27000427246094,4225.0
2025-11-03,GEHC,BUY,0.06759496981866445,73.97000122070312,4220.0
2025-11-03,GNRC,BUY,0.030871818922763077,161.9600067138672,4215.0
2025-11-03,GPC,BUY,0.04044980159624141,123.61000061035156,4210.0
2025-11-03,GPN,BUY,0.06472491909385113,77.25,4205.0
2025-11-03,HSY,BUY,0.03089583592621507,161.8341064453125,4200.0
2025-11-03,HRL,BUY,0.233154584805462,21.44499969482422,4195.0
2025-11-03,ICE,BUY,0.03431473316598339,145.7100067138672,4190.0
2025-11-03,IP,BUY,0.1355564654338356,36.8849983215332,4185.0
2025-11-03,KDP,BUY,0.1877229193554959,26.635000228881836,4180.0
2025-11-03,KMB,BUY,0.04880429623171198,102.44999694824219,4175.0
2025-11-03,KIM,BUY,0.24685263920844133,20.2549991607666,4170.0
2025-11-03,KR,BUY,0.07902639424410601,63.27000045776367,4165.0
2025-11-03,LEN,BUY,0.04141301175900529,120.73500061035156,4160.0
2025-11-03,LIN,BUY,0.012137394955306325,411.95001220703125,4155.0
2025-11-03,LULU,BUY,0.030352699142115712,164.72999572753906,4150.0
2025-11-03,MAS,BUY,0.07875255737622378,63.4900016784668,4145.0
2025-11-03,MRK,BUY,0.06061708144513875,82.48500061035156,4140.0
2025-11-03,META,BUY,0.007807558921718166,640.405029296875,4135.0
2025-11-03,MHK,BUY,0.04513450130976554,110.77999877929688,4130.0
2025-11-03,MOH,BUY,0.03410641058547742,146.60000610351562,4125.0
2025-11-03,MDLZ,BUY,0.08780402189473459,56.94499969482422,4120.0
2025-11-03,MPWR,BUY,0.004965687234565014,1006.9099731445312,4115.0
2025-11-03,MOS,BUY,0.18298261154237316,27.325000762939453,4110.0
2025-11-03,MSI,BUY,0.012738658383843363,392.5060119628906,4105.0
2025-11-03,NKE,BUY,0.07968762586844477,62.744998931884766,4100.0
2025-11-03,NVR,BUY,0.0007081250363484592,7060.89990234375,4095.0
2025-11-03,OKE,BUY,0.07633587786259542,65.5,4090.0
2025-11-03,ORCL,BUY,0.019487858507489814,256.57000732421875,4085.0
2025-11-03,PKG,BUY,0.025684491945496015,194.6699981689453,4080.0
2025-11-03,PSKY,BUY,0.3252032520325203,15.375,4075.0
2025-11-03,PAYX,BUY,0.0435741233164445,114.74700164794922,4070.0
2025-11-03,PAYC,BUY,0.027088525031961366,184.5800018310547,4065.0
2025-11-03,PYPL,BUY,0.07314753499303024,68.3550033569336,4060.0
2025-11-03,POOL,BUY,0.019238539453859855,259.8949890136719,4055.0
2025-11-03,PPG,BUY,0.05273705441148164,94.80999755859375,4050.0
2025-11-03,PSA,BUY,0.01807305135299138,276.6549987792969,4045.0
2025-11-03,RSG,BUY,0.024396194556971347,204.9499969482422,4040.0
2025-11-03,SW,BUY,0.13727777929061138,36.42250061035156,4035.0
2025-11-03,SOLS,BUY,0.1126126087424954,44.400001525878906,4030.0
2025-11-03,SWK,BUY,0.07541477782582749,66.30000305175781,4025.0
2025-11-03,SBUX,BUY,0.061656081444432194,81.09500122070312,4020.0
2025-11-03,TMUS,BUY,0.02462447635977376,203.0500030517578,4015.0
2025-11-03,TPR,BUY,0.04706546779567485,106.23500061035156,4010.0
2025-11-03,TGT,BUY,0.05471058139175718,91.38999938964844,4005.0
2025-11-03,TTD,BUY,0.10201999941312348,49.0099983215332,4000.0
2025-11-03,TSCO,BUY,0.095638869868911,52.279998779296875,3995.0
2025-11-03,TYL,BUY,0.01074552454543034,465.30999755859375,3990.0
2025-11-03,UNH,BUY,0.015003074971054247,333.2650146484375,3985.0
2025-11-03,VRSK,BUY,0.02319001895016899,215.61000061035156,3980.0
2025-11-03,WY,BUY,0.22182785256923404,22.540000915527344,3975.0
2025-11-04,AES,BUY,0.37328754956069893,13.394499778747559,3970.000000000001
2025-11-04,ALB,BUY,0.056493985143950785,88.50499725341797,3965.000000000001
2025-11-04,ARE,BUY,0.09218288800284077,54.2400016784668,3960.000000000001
2025-11-04,MO,BUY,0.08732861595883284,57.255001068115234,3955.000000000001
2025-11-04,AMP,BUY,0.01103308281734726,453.1824951171875,3950.000000000001
2025-11-04,APTV,BUY,0.06169754870487491,81.04049682617188,3945.000000000001
2025-11-04,ANET,BUY,0.03251398126993054,153.77999877929688,3940.000000000001
2025-11-04,AXON,BUY,0.006982167686916601,716.1099853515625,3935.000000000001
2025-11-04,BAX,BUY,0.27770065165541025,18.0049991607666,3930.000000000001
2025-11-04,BBY,BUY,0.06285354881440844,79.55000305175781,3925.000000000001
2025-11-04,BA,BUY,0.02519018520643952,198.49000549316406,3920.000000000001
2025-11-04,AVGO,BUY,0.014115920275032992,354.2099914550781,3915.000000000001
2025-11-04,CCL,BUY,0.1918281180722322,26.065000534057617,3910.000000000001
2025-11-04,CAT,BUY,0.009120758644039792,548.2000122070312,3905.000000000001
2025-11-04,CDW,BUY,0.03507048988662454,142.57000732421875,3900.000000000001
2025-11-04,CHTR,BUY,0.022479992991467027,222.4199981689453,3895.000000000001
2025-11-04,CMG,BUY,0.15681354756494362,31.885000228881836,3890.000000000001
2025-11-04,CI,BUY,0.01894333994299886,263.94500732421875,3885.000000000001
2025-11-04,COIN,BUY,0.016206929570286875,308.510009765625,3880.000000000001
2025-11-04,CEG,BUY,0.013783217183256891,362.760009765625,3875.000000000001
2025-11-04,GLW,BUY,0.05845902106116111,85.52999877929688,3870.000000000001
2025-11-04,DECK,BUY,0.06287726623585019,79.5199966430664,3865.000000000001
2025-11-04,DELL,BUY,0.03227889087808079,154.89999389648438,3860.000000000001
2025-11-04,DXCM,BUY,0.08207485473216591,60.91999816894531,3855.000000000001
2025-11-04,DASH,BUY,0.020768431983385256,240.75,3850.000000000001
2025-11-04,DOW,BUY,0.22075055559424522,22.649999618530273,3845.000000000001
2025-11-04,EBAY,BUY,0.06097560975609756,82.0,3840.000000000001
2025-11-04,ELV,BUY,0.015776851533991634,316.9200134277344,3835.000000000001
2025-11-04,EME,BUY,0.007614812446202726,656.614990234375,3830.000000000001
2025-11-04,EL,BUY,0.05430060708701802,92.08000183105469,3825.000000000001
2025-11-04,EXR,BUY,0.038054646649111144,131.38999938964844,3820.000000000001
2025-11-04,FFIV,BUY,0.02068124009936437,241.76499938964844,3815.000000000001
2025-11-04,FI,BUY,0.07738740060000741,64.61000061035156,3810.000000000001
2025-11-04,FCX,BUY,0.12727504185874075,39.28499984741211,3805.000000000001
2025-11-04,GRMN,BUY,0.024281864667582326,205.9149932861328,3800.000000000001
2025-11-04,IT,BUY,0.02197802197802198,227.5,3795.000000000001
2025-11-04,GNRC,BUY,0.03183293924268536,157.07000732421875,3790.000000000001
2025-11-04,HSY,BUY,0.03016136440410411,165.77499389648438,3785.000000000001
2025-11-04,HPQ,BUY,0.19183253993413368,26.06439971923828,3780.000000000001
2025-11-04,INTC,BUY,0.13374348601000402,37.3849983215332,3775.000000000001
2025-11-04,IP,BUY,0.13681762896485322,36.54499816894531,3770.000000000001
2025-11-04,JBL,BUY,0.02382313647644412,209.8800048828125,3765.000000000001
2025-11-04,KMB,BUY,0.049897708783339816,100.20500183105469,3760.000000000001
2025-11-04,LULU,BUY,0.031092594216215744,160.80999755859375,3755.000000000001
2025-11-04,MPC,BUY,0.026989097205308964,185.25999450683594,3750.000000000001
2025-11-04,META,BUY,0.007936507936507936,630.0,3745.000000000001
2025-11-04,MSFT,BUY,0.009720061747071938,514.4000244140625,3740.000000000001
2025-11-04,MHK,BUY,0.0450694058947834,110.94000244140625,3735.000000000001
2025-11-04,MOH,BUY,0.03303273424203595,151.36500549316406,3730.000000000001
2025-11-04,MPWR,BUY,0.005167905189126909,967.510009765625,3725.000000000001
2025-11-04,MOS,BUY,0.1895734597156398,26.375,3720.000000000001
2025-11-04,MSI,BUY,0.01267877113734706,394.3599853515625,3715.000000000001
2025-11-04,NKE,BUY,0.08163265306122448,61.25,3710.000000000001
2025-11-04,NCLH,BUY,0.2665955864428643,18.7549991607666,3705.000000000001
2025-11-04,NRG,BUY,0.029598059650640284,168.92999267578125,3700.000000000001
2025-11-04,NUE,BUY,0.03462004427452317,144.4250030517578,3695.000000000001
2025-11-04,ORCL,BUY,0.02021365851859076,247.3574981689453,3690.000000000001
2025-11-04,PLTR,BUY,0.026509728984782065,188.61000061035156,3685.000000000001
2025-11-04,PSKY,BUY,0.3335557088955866,14.989999771118164,3680.000000000001
2025-11-04,POOL,BUY,0.019378717191372876,258.0150146484375,3675.000000000001
2025-11-04,RL,BUY,0.016119932930689206,310.17498779296875,3670.000000000001
2025-11-04,RCL,BUY,0.019438612768335372,257.2200012207031,3665.000000000001
2025-11-04,STX,BUY,0.019833398964484487,252.10000610351562,3660.000000000001
2025-11-04,SWKS,BUY,0.0690989491131198,72.36000061035156,3655.000000000001
2025-11-04,SOLS,BUY,0.11457378712030912,43.63999938964844,3650.000000000001
2025-11-04,SBUX,BUY,0.06286540227296185,79.53500366210938,3645.000000000001
2025-11-04,STLD,BUY,0.03288608406204157,152.0399932861328,3640.000000000001
2025-11-04,SMCI,BUY,0.10412328097326415,48.02000045776367,3635.000000000001
2025-11-04,SNPS,BUY,0.012014898650325897,416.1499938964844,3630.000000000001
2025-11-04,TPR,BUY,0.04688672194877517,106.63999938964844,3625.000000000001
2025-11-04,TTD,BUY,0.10548567860814145,47.39979934692383,3620.000000000001
2025-11-04,UAL,BUY,0.054887753806447635,91.09500122070312,3615.000000000001
2025-11-04,UNH,BUY,0.015141879801902364,330.2099914550781,3610.000000000001
2025-11-04,VST,BUY,0.026890394397922034,185.94000244140625,3605.000000000001
2025-11-05,ALB,BUY,0.0543360158922234,92.0199966430664,3600.000000000002
2025-11-05,ADM,BUY,0.08799718456273511,56.81999969482422,3595.000000000002
2025-11-05,ANET,BUY,0.0354301621528927,141.12269592285156,3590.000000000002
2025-11-05,AXON,BUY,0.007948146108503449,629.0775146484375,3585.000000000002
2025-11-05,BAX,BUY,0.2775464984402409,18.014999389648438,3580.000000000002
2025-11-05,CDW,BUY,0.03419504827149499,146.22000122070312,3575.000000000002
2025-11-05,CRL,BUY,0.030116852616112057,166.02000427246094,3570.000000000002
2025-11-05,DXCM,BUY,0.08421761984089814,59.369998931884766,3565.000000000002
2025-11-05,DASH,BUY,0.02103757326764399,237.6699981689453,3560.000000000002
2025-11-05,DD,SELL,0.1440922158520566,39.470001220703125,3565.6873199355764
2025-11-05,ERIE,BUY,0.017336850648491754,288.40301513671875,3560.6873199355764
2025-11-05,EL,BUY,0.05462689901325496,91.52999877929688,3555.6873199355764
2025-11-05,HUM,BUY,0.019139855993144043,261.2349853515625,3550.6873199355764
2025-11-05,IP,BUY,0.13846579660723302,36.11000061035156,3545.6873199355764
2025-11-05,KMB,BUY,0.05000500156837892,99.98999786376953,3540.6873199355764
2025-11-05,LYV,BUY,0.03692489376543091,135.41000366210938,3535.6873199355764
2025-11-05,MRNA,BUY,0.21159543705365882,23.6299991607666,3530.6873199355764
2025-11-05,MPWR,BUY,0.0049545175650408954,1009.1799926757812,3525.6873199355764
2025-11-05,MOS,BUY,0.1906214291749739,26.229999542236328,3520.6873199355764
2025-11-05,MSI,BUY,0.012665603108515012,394.7699890136719,3515.6873199355764
2025-11-05,NCLH,BUY,0.26860059422389454,18.614999771118164,3510.6873199355764
2025-11-05,POOL,BUY,0.01968194037215373,254.0399932861328,3505.6873199355764
2025-11-05,RCL,BUY,0.019432569907555337,257.29998779296875,3500.6873199355764
2025-11-05,NOW,BUY,0.005673308172340864,881.3200073242188,3495.6873199355764
2025-11-05,SWKS,BUY,0.06747638465534132,74.0999984741211,3490.6873199355764
2025-11-05,SMCI,BUY,0.11842728222253544,42.220001220703125,3485.6873199355764
2025-11-05,SNPS,BUY,0.012194527422986878,410.0199890136719,3480.6873199355764
2025-11-05,UNH,BUY,0.01528117302402886,327.20001220703125,3475.6873199355764
2025-11-06,AMD,BUY,0.020931888065502093,238.8699951171875,3470.000000000003
2025-11-06,ALB,BUY,0.05450185433211818,91.73999786376953,3465.000000000003
2025-11-06,ARE,BUY,0.09375585652218076,53.33000183105469,3460.000000000003
2025-11-06,ADM,BUY,0.0877269952399779,56.994998931884766,3455.000000000003
2025-11-06,ANET,BUY,0.0369180794486804,135.43499755859375,3450.000000000003
2025-11-06,AXON,BUY,0.008350381689504839,598.7750244140625,3445.000000000003
2025-11-06,TECH,BUY,0.08569714449205978,58.345001220703125,3440.000000000003
2025-11-06,XYZ,BUY,0.07014590468051803,71.27999877929688,3435.000000000003
2025-11-06,BLDR,BUY,0.04595377037797916,108.80500030517578,3430.000000000003
2025-11-06,CCL,BUY,0.18925056720519787,26.420000076293945,3425.000000000003
2025-11-06,CDW,BUY,0.03520135339578437,142.0399932861328,3420.000000000003
2025-11-06,CRL,BUY,0.0292525956456233,170.9250030517578,3415.000000000003
2025-11-06,CHTR,BUY,0.023135829872572893,216.11500549316406,3410.000000000003
2025-11-06,CLX,BUY,0.046831827177294796,106.76499938964844,3405.000000000003
2025-11-06,COIN,BUY,0.01690445608437123,295.7799987792969,3400.000000000003
2025-11-06,CEG,BUY,0.014289081977938963,349.9175109863281,3395.000000000003
2025-11-06,CPRT,BUY,0.12518778597694696,39.939998626708984,3390.000000000003
2025-11-06,DELL,BUY,0.03337525271049158,149.8115997314453,3385.000000000003
2025-11-06,DASH,BUY,0.025523226930992418,195.89999389648438,3380.000000000003
2025-11-06,DOW,BUY,0.22336385744364842,22.385000228881836,3375.000000000003
2025-11-06,EMR,BUY,0.0378701813695997,132.02999877929688,3370.000000000003
2025-11-06,EL,BUY,0.05659309661974207,88.3499984741211,3365.000000000003
2025-11-06,FDS,BUY,0.01976362659170385,252.99000549316406,3360.000000000003
2025-11-06,FI,BUY,0.08138192812310259,61.43870162963867,3355.000000000003
2025-11-06,FTNT,BUY,0.06227425511254473,80.29000091552734,3350.000000000003
2025-11-06,FCX,BUY,0.12884937406721536,38.80500030517578,3345.000000000003
2025-11-06,IT,BUY,0.022055580358660298,226.6999969482422,3340.000000000003
2025-11-06,GEV,BUY,0.009062108296397756,551.7479858398438,3335.000000000003
2025-11-06,GNRC,BUY,0.032540431744637055,153.65499877929688,3330.000000000003
2025-11-06,HPQ,BUY,0.19051247247535036,26.2450008392334,3325.000000000003
2025-11-06,HUM,BUY,0.019890205676186868,251.3800048828125,3320.000000000003
2025-11-06,INTC,BUY,0.13358268659454448,37.43000030517578,3315.000000000003
2025-11-06,IP,BUY,0.13678019308597997,36.55500030517578,3310.000000000003
2025-11-06,KMB,BUY,0.04957047144138459,100.86650085449219,3305.000000000003
2025-11-06,LYV,BUY,0.03602565200570245,138.7899932861328,3300.000000000003
2025-11-06,LKQ,BUY,0.16548072066025635,30.21500015258789,3295.000000000003
2025-11-06,LYB,BUY,0.11684972874552181,42.790000915527344,3290.000000000003
2025-11-06,MRNA,BUY,0.20785699175086594,24.05500030517578,3285.000000000003
2025-11-06,MHK,BUY,0.04655493416166488,107.4000015258789,3280.000000000003
2025-11-06,MOS,BUY,0.19924288251879776,25.094999313354492,3275.000000000003
2025-11-06,NWS,BUY,0.17430713240683465,28.684999465942383,3270.000000000003
2025-11-06,NCLH,BUY,0.27359781692855184,18.274999618530273,3265.000000000003
2025-11-06,NVDA,BUY,0.026557602839186695,188.27000427246094,3260.000000000003
2025-11-06,ORCL,BUY,0.020484666663124193,244.0850067138672,3255.000000000003
2025-11-06,PLTR,BUY,0.028454359010162047,175.72000122070312,3250.000000000003
2025-11-06,PAYC,BUY,0.030748416341139267,162.61000061035156,3245.000000000003
2025-11-06,POOL,BUY,0.020130850528434826,248.375,3240.000000000003
2025-11-06,PTC,BUY,0.028658221843393242,174.47000122070312,3235.000000000003
2025-11-06,HOOD,BUY,0.03920185089012296,127.54499816894531,3230.000000000003
2025-11-06,RCL,BUY,0.01964366365357517,254.53500366210938,3225.000000000003
2025-11-06,CRM,BUY,0.020846361779294997,239.85000610351562,3220.000000000003
2025-11-06,NOW,BUY,0.005818655823737914,859.3049926757812,3215.000000000003
2025-11-06,SWKS,BUY,0.0702345811002789,71.19000244140625,3210.000000000003
2025-11-06,SMCI,BUY,0.12370114365421966,40.41999816894531,3205.000000000003
2025-11-06,SNPS,BUY,0.012599536453333537,396.8399963378906,3200.000000000003
2025-11-06,TPR,BUY,0.05000500156837892,99.98999786376953,3195.000000000003
2025-11-06,TTD,BUY,0.10710077868521929,46.685001373291016,3190.000000000003
2025-11-06,UNH,BUY,0.01548083420002005,322.9800109863281,3185.000000000003
2025-11-06,WDAY,BUY,0.022202978917740295,225.19500732421875,3180.000000000003
2025-11-07,AMD,BUY,0.021658147737940378,230.86000061035156,3175.000000000003
2025-11-07,ADM,BUY,0.08823010696231076,56.66999816894531,3170.000000000003
2025-11-07,ANET,BUY,0.03707273805159953,134.8699951171875,3165.000000000003
2025-11-07,AXON,BUY,0.008224495805376623,607.9400024414062,3160.000000000003
2025-11-07,TECH,BUY,0.08720676863765904,57.334999084472656,3155.000000000003
2025-11-07,XYZ,BUY,0.07641754511201614,65.43000030517578,3150.000000000003
2025-11-07,BA,BUY,0.02574532633308943,194.2100067138672,3145.000000000003
2025-11-07,CCL,BUY,0.18604651162790697,26.875,3140.000000000003
2025-11-07,CDW,BUY,0.03516730711132361,142.17750549316406,3135.000000000003
2025-11-07,CRL,BUY,0.029803594421903678,167.76499938964844,3130.000000000003
2025-11-07,COIN,BUY,0.016150392645578035,309.5899963378906,3125.000000000003
2025-11-07,CEG,BUY,0.014035482082487241,356.239990234375,3120.000000000003
2025-11-07,CPRT,BUY,0.1237470647459084,40.404998779296875,3115.000000000003
2025-11-07,DELL,BUY,0.03433594401631628,145.6199951171875,3110.000000000003
2025-11-07,DXCM,BUY,0.09157509413429496,54.599998474121094,3105.000000000003
2025-11-07,DASH,BUY,0.024327348950014455,205.52999877929688,3100.000000000003
2025-11-07,EMR,BUY,0.03870568418864296,129.17999267578125,3095.000000000003
2025-11-07,EL,BUY,0.05696707521060372,87.7699966430664,3090.000000000003
2025-11-07,FTNT,BUY,0.061992437860943064,80.65499877929688,3085.000000000003
2025-11-07,GRMN,BUY,0.025000625626007487,199.9949951171875,3080.000000000003
2025-11-07,IT,BUY,0.02173298827262272,230.06500244140625,3075.000000000003
2025-11-07,GNRC,BUY,0.0322061191626409,155.25,3070.000000000003
2025-11-07,HUM,BUY,0.019921509205095427,250.98500061035156,3065.000000000003
2025-11-07,LYV,BUY,0.03544842177823468,141.0500030517578,3060.000000000003
2025-11-07,LMT,BUY,0.010886842422989576,459.2699890136719,3055.000000000003
2025-11-07,LYB,BUY,0.11634671733638166,42.974998474121094,3050.000000000003
2025-11-07,MCHP,BUY,0.0898634086061875,55.63999938964844,3045.000000000003
2025-11-07,MPWR,BUY,0.0052855520801731535,945.9749755859375,3040.000000000003
2025-11-07,MOS,BUY,0.19580967416793363,25.53499984741211,3035.000000000003
2025-11-07,NCLH,BUY,0.26169103898062845,19.10650062561035,3030.000000000003
2025-11-07,NVDA,BUY,0.02674583328844134,186.94500732421875,3025.000000000003
2025-11-07,ON,BUY,0.10555203953434117,47.369998931884766,3020.000000000003
2025-11-07,ORCL,BUY,0.02104820010846555,237.5500030517578,3015.000000000003
2025-11-07,PLTR,BUY,0.02815315218562385,177.60000610351562,3010.000000000003
2025-11-07,PAYC,BUY,0.0306767275997773,162.99000549316406,3005.000000000003
2025-11-07,PTC,BUY,0.02859430391483142,174.86000061035156,3000.000000000003
2025-11-07,QCOM,BUY,0.029467233709479405,169.67999267578125,2995.000000000003
2025-11-07,HOOD,BUY,0.03898027468198565,128.27000427246094,2990.000000000003
2025-11-07,RCL,BUY,0.019521717911176184,256.125,2985.000000000003
2025-11-07,CRM,BUY,0.020879878380825584,239.46499633789062,2980.000000000003
2025-11-07,NOW,BUY,0.00581936677020811,859.2000122070312,2975.000000000003
2025-11-07,SWKS,BUY,0.07288364029405683,68.60250091552734,2970.000000000003
2025-11-07,SMCI,BUY,0.12615113439486542,39.6349983215332,2965.000000000003
2025-11-07,SNPS,BUY,0.012723455492950418,392.9750061035156,2960.000000000003
2025-11-07,TTWO,BUY,0.02155079573458927,232.00999450683594,2955.000000000003
2025-11-07,TSLA,BUY,0.01159433745692814,431.2449951171875,2950.000000000003
2025-11-07,TTD,BUY,0.11538018012308088,43.334999084472656,2945.000000000003
2025-11-07,UBER,BUY,0.05435373536375808,91.98999786376953,2940.000000000003
2025-11-07,WDAY,BUY,0.022304003265009854,224.1750030517578,2935.000000000003
2025-11-10,ALB,SELL,0.0965111248966849,103.61499786376953,2945.0000000000036
2025-11-10,ADM,BUY,0.08939490591171148,55.93159866333008,2940.0000000000036
2025-11-10,ANET,BUY,0.03633720769051806,137.60000610351562,2935.0000000000036
2025-11-10,AXON,BUY,0.008576329331046312,583.0,2930.0000000000036
2025-11-10,TECH,BUY,0.08642295462036624,57.85499954223633,2925.0000000000036
2025-11-10,XYZ,BUY,0.07506943544774251,66.6050033569336,2920.0000000000036
2025-11-10,CNC,BUY,0.14673513978136385,34.07500076293945,2915.0000000000036
2025-11-10,CLX,BUY,0.04781124712606153,104.5779037475586,2910.0000000000036
2025-11-10,DELL,BUY,0.03489427199578134,143.2899932861328,2905.0000000000036
2025-11-10,DXCM,BUY,0.09114939461717039,54.85499954223633,2900.0000000000036
2025-11-10,DASH,BUY,0.024509803921568627,204.0,2895.0000000000036
2025-11-10,EMR,BUY,0.0384024586574117,130.1999969482422,2890.0000000000036
2025-11-10,GPN,BUY,0.06638783559610069,75.31500244140625,2885.0000000000036
2025-11-10,HUM,BUY,0.020959966195913893,238.5500030517578,2880.0000000000036
2025-11-10,LMT,BUY,0.011061579456356857,452.0150146484375,2875.0000000000036
2025-11-10,MCHP,BUY,0.08989572269002141,55.619998931884766,2870.0000000000036
2025-11-10,MOH,BUY,0.03566333886473518,140.1999969482422,2865.0000000000036
2025-11-10,PAYC,BUY,0.03003499010352209,166.47250366210938,2860.0000000000036
2025-11-10,PTC,BUY,0.028251780544155433,176.97999572753906,2855.0000000000036
2025-11-10,CRM,BUY,0.020741724262171142,241.05999755859375,2850.0000000000036
2025-11-10,STX,SELL,0.0198333989644844,293.5815124511719,2855.8227192650443
2025-11-10,LUV,SELL,0.1650165058052014,32.724998474121094,2861.2228841657243
2025-11-10,SMCI,BUY,0.12342631960422067,40.5099983215332,2856.2228841657243
2025-11-10,TTWO,BUY,0.02129018467130094,234.85000610351562,2851.2228841657243
2025-11-10,TTD,BUY,0.11578093877501626,43.185001373291016,2846.2228841657243
2025-11-26,ARE,SELL,0.18520233721302784,53.994998931884766,2853.7561279115034
2025-11-26,BBY,SELL,0.0628535488144084,81.61499786376953,2858.8859201637215
2025-11-26,TECH,SELL,0.15446401498255694,64.73999786376953,2868.8859201637215
2025-11-26,AVGO,SELL,0.0141159202750329,399.1600036621094,2874.520430952398
2025-11-26,BLDR,SELL,0.08848774277470832,113.01000213623047,2884.520430952398
2025-11-26,CNC,SELL,0.1467351397813638,39.47999954223633,2890.3135342037963
2025-11-26,CRL,SELL,0.055959709965167775,178.6999969482422,2900.3135342037963
2025-11-26,CMG,SELL,0.29381519156258673,34.03499984741211,2910.3135342037963
2025-11-26,COIN,SELL,0.03784080164112305,264.2650146484375,2920.3135342037963
2025-11-26,CPRT,BUY,0.12898233145168497,38.76499938964844,2915.3135342037963
2025-11-26,DELL,SELL,0.07443799518088492,134.33999633789062,2925.3135342037963
2025-11-26,DAL,SELL,0.0871383741186158,64.68499755859375,2930.950079720919
2025-11-26,DOW,SELL,0.4153513835882776,24.076000213623047,2940.950079720919
2025-11-26,DHI,SELL,0.063536438393669,157.38999938964844,2950.950079720919
2025-11-26,INTC,SELL,0.2673261726045485,37.08000183105469,2960.862534690584
2025-11-26,IP,SELL,0.25412961595352024,39.349998474121094,2970.862534690584
2025-11-26,LEN,SELL,0.0414130117590052,132.39999389648438,2976.3456171947114
2025-11-26,LULU,SELL,0.05470758995185455,182.7899932861328,2986.3456171947114
2025-11-26,LYB,SELL,0.20483408567206887,48.81999969482422,2996.3456171947114
2025-11-26,MRK,SELL,0.0606170814451387,105.00360107421875,3002.7106290330603
2025-11-26,MRNA,SELL,0.3956478793641024,25.274999618530273,3012.7106290330603
2025-11-26,MHK,SELL,0.08624035049880731,115.95500183105469,3022.7106290330603
2025-11-26,ON,SELL,0.1055520395343411,50.20500183105469,3028.0098693711534
2025-11-26,RL,SELL,0.026796720607387973,373.17999267578125,3038.0098693711534
2025-11-26,HOOD,SELL,0.0779605493639713,128.27000427246094,3048.0098693711534
2025-11-26,SWK,SELL,0.13865778728736847,72.12000274658203,3058.0098693711534
2025-11-26,UAL,SELL,0.0548877538064476,102.125,3063.615281228637
2025-11-26,WYNN,SELL,0.0420203385979084,129.8699951171875,3069.0724623971696
2025-11-26,CRL,SELL,0.033227847362101,178.94000244140625,3172.0067134082797
2025-11-26,CPRT,BUY,0.12903225806451613,38.75,3167.0067134082797
2025-11-26,DOW,SELL,0.037261181635989,23.90999984741211,3167.8976282555104
2025-11-26,HUM,SELL,0.0392081819005245,245.99000549316406,3177.5424491365975
2025-11-26,IP,SELL,0.1691473502240059,39.36000061035156,3184.2000889446535
2025-11-26,MOH,SELL,0.06741724449912585,148.3300018310547,3194.2000889446535
2025-11-26,CPRT,BUY,0.12903225806451613,38.75,3188.65769680592
2025-11-26,MOH,SELL,0.0006667202008532,148.3300018310547,3188.756591414533
2025-11-27,INTU,BUY,0.007947482970441611,629.1300048828125,3183.756127911503
2025-11-28,ALB,SELL,0.0688207304716073,129.99000549316406,3192.7021350435507
2025-12-01,DE,BUY,0.01062772670370068,470.4674987792969,3185.0000000000036
2025-12-01,WRB,BUY,0.06824075650443139,73.2699966430664,3180.0000000000036
2025-12-01,WDAY,BUY,0.023434570611626702,213.36000061035156,3175.0000000000036
2025-12-02,BBY,BUY,0.06666613091793391,75.00060272216797,3170.0000000000036
2025-12-02,XYZ,BUY,0.08237232186416649,60.70000076293945,3165.0000000000036
2025-12-02,DASH,SELL,0.046063845265515865,217.08999633789062,3175.0000000000036
2025-12-02,PODD,BUY,0.016192758662369813,308.7799987792969,3170.0000000000036
2025-12-02,LLY,BUY,0.004782263406975053,1045.530029296875,3165.0000000000036
2025-12-02,MCK,BUY,0.006013880229376087,831.4099731445312,3160.0000000000036
2025-12-02,NXPI,SELL,0.0239097174672277,216.59500122070312,3165.1787252840045
2025-12-02,REGN,BUY,0.006736183997813372,742.260009765625,3160.1787252840045
2025-12-02,SNPS,SELL,0.02217098219792189,451.0400085449219,3170.1787252840045
2025-12-02,WRB,BUY,0.06822213040716024,73.29000091552734,3165.1787252840045
2025-12-03,ARE,BUY,0.10284891139301691,48.6150016784668,3159.050330473079
2025-12-03,BBY,BUY,0.06701065661261417,74.61499786376953,3154.050330473079
2025-12-03,XYZ,BUY,0.0817260538584372,61.18000030517578,3149.050330473079
2025-12-03,AVGO,BUY,0.01312787377562185,380.8689880371094,3144.050330473079
2025-12-03,CAH,BUY,0.024932669314342463,200.54010009765625,3139.050330473079
2025-12-03,COR,BUY,0.014960653863850927,334.2099914550781,3134.050330473079
2025-12-03,CVS,BUY,0.06621639330613857,75.51000213623047,3129.050330473079
2025-12-03,DASH,SELL,0.04510803324404784,221.69000244140625,3139.050330473079
2025-12-03,EXC,BUY,0.11225864160808585,44.540000915527344,3134.050330473079
2025-12-03,FSLR,BUY,0.01952476781864465,256.0849914550781,3129.050330473079
2025-12-03,DOC,BUY,0.288933829056596,17.30500030517578,3124.050330473079
2025-12-03,HWM,BUY,0.025769555623013297,194.02740478515625,3119.050330473079
2025-12-03,PODD,BUY,0.0161626604465152,309.3550109863281,3114.050330473079
2025-12-03,MCK,BUY,0.006182150669999635,808.780029296875,3109.050330473079
2025-12-03,MCHP,SELL,0.15734403197203073,63.55500030517578,3119.050330473079
2025-12-03,PSKY,BUY,0.33955856505729626,14.725000381469727,3114.050330473079
2025-12-03,PCG,BUY,0.32883919928237026,15.204999923706055,3109.050330473079
2025-12-03,PPL,BUY,0.14338973768731755,34.869998931884766,3104.050330473079
2025-12-03,REGN,BUY,0.006927222810248806,721.7899780273438,3099.050330473079
2025-12-03,SNDK,BUY,0.025906735751295335,193.0,3094.050330473079
2025-12-03,STX,BUY,0.01942049314824282,257.4599914550781,3089.050330473079
2025-12-03,SNPS,SELL,0.021465446448270423,465.864990234375,3099.050330473079
2025-12-03,UHS,BUY,0.021655803187556055,230.88499450683594,3094.050330473079
2025-12-03,WRB,BUY,0.06983240372284626,71.5999984741211,3089.050330473079
2025-12-04,ALB,BUY,0.0420150423545041,119.00499725341797,3081.359295369734
2025-12-04,ARE,BUY,0.10704346174269357,46.709999084472656,3076.359295369734
2025-12-04,LNT,BUY,0.0760398480548959,65.75499725341797,3071.359295369734
2025-12-04,AEE,BUY,0.04950004845318769,101.01000213623047,3066.359295369734
2025-12-04,BBY,BUY,0.06750371298232076,74.06999969482422,3061.359295369734
2025-12-04,XYZ,BUY,0.08105041516138445,61.689998626708984,3056.359295369734
2025-12-04,AVGO,BUY,0.013157721439858194,380.0050048828125,3051.359295369734
2025-12-04,CAH,BUY,0.025220680958385876,198.25,3046.359295369734
2025-12-04,COR,BUY,0.014913797811720584,335.260009765625,3041.359295369734
2025-12-04,CAG,BUY,0.29524654016407814,16.934999465942383,3036.359295369734
2025-12-04,DASH,SELL,0.045205911561382914,221.2100067138672,3046.359295369734
2025-12-04,EXC,BUY,0.11392116813697797,43.88999938964844,3041.359295369734
2025-12-04,FSLR,BUY,0.019474196689386564,256.75,3036.359295369734
2025-12-04,FE,BUY,0.11063170779427188,45.19499969482422,3031.359295369734
2025-12-04,DOC,BUY,0.290613195127697,17.204999923706055,3026.359295369734
2025-12-04,KR,BUY,0.07928328088288301,63.064998626708984,3021.359295369734
2025-12-04,LLY,BUY,0.004938954593571425,1012.3599853515625,3016.359295369734
2025-12-04,LYB,BUY,0.1162369047028892,43.01559829711914,3011.359295369734
2025-12-04,MKC,BUY,0.07898894250021771,63.29999923706055,3006.359295369734
2025-12-04,MCK,BUY,0.006184674283509788,808.4500122070312,3001.359295369734
2025-12-04,MCHP,SELL,0.0224150993241781,64.26000213623047,3002.7996897001894
2025-12-04,NI,BUY,0.11934598270361009,41.89500045776367,2997.7996897001894
2025-12-04,PSKY,BUY,0.3384094842025701,14.774999618530273,2992.7996897001894
2025-12-04,PM,BUY,0.03371771681419025,148.2899932861328,2987.7996897001894
2025-12-04,PPL,BUY,0.14656308820163338,34.1150016784668,2982.7996897001894
2025-12-04,REGN,BUY,0.0069179256356773095,722.760009765625,2977.7996897001894
2025-12-04,SNPS,SELL,0.0058959893734041,463.8500061035156,2980.534544407029
2025-12-04,UHS,BUY,0.02180692116859223,229.28500366210938,2975.534544407029
2025-12-04,WRB,BUY,0.07071975828207619,70.70159912109375,2970.534544407029
2025-12-04,WEC,BUY,0.04705661031711299,106.25499725341797,2965.534544407029
2025-12-04,XEL,BUY,0.06439979442692575,77.63999938964844,2960.534544407029
2025-12-05,AKAM,BUY,0.0600456371030289,83.2699966430664,2954.897048614631
2025-12-05,ARE,BUY,0.10925379802650992,45.76499938964844,2949.897048614631
2025-12-05,XYZ,BUY,0.08189324138337799,61.05509948730469,2944.897048614631
2025-12-05,COR,BUY,0.014703720569000961,340.04998779296875,2939.897048614631
2025-12-05,EL,SELL,0.09518823445767319,105.05500030517578,2949.897048614631
2025-12-05,DOC,BUY,0.29222848409483737,17.109899520874023,2944.897048614631
2025-12-05,KMB,BUY,0.04852955507366961,103.02999877929688,2939.897048614631
2025-12-05,KR,BUY,0.07936507936507936,63.0,2934.897048614631
2025-12-05,LYB,BUY,0.11559357014293715,43.255001068115234,2929.897048614631
2025-12-05,MCK,BUY,0.006186128151323327,808.260009765625,2924.897048614631
2025-12-05,NFLX,BUY,0.04992511157084698,100.1500015258789,2919.897048614631
2025-12-05,PSKY,BUY,0.3759398442327192,13.300000190734863,2914.897048614631
2025-12-05,PM,BUY,0.03385698976148428,147.67999267578125,2909.897048614631
2025-12-05,CRM,SELL,0.038392137110356654,260.4700012207031,2919.897048614631
2025-12-05,WRB,BUY,0.07467623699039815,66.95570373535156,2914.897048614631
2025-12-05,WYNN,BUY,0.0398701518899721,125.40709686279297,2909.897048614631
2025-12-08,APD,BUY,0.02127840705979727,234.97999572753906,2902.737089091106
2025-12-08,ARE,BUY,0.11102475889732505,45.03499984741211,2897.737089091106
2025-12-08,AMGN,BUY,0.015565655877588428,321.2200012207031,2892.737089091106
2025-12-08,BSX,BUY,0.05329637978875324,93.81500244140625,2887.737089091106
2025-12-08,DOC,BUY,0.297885019091668,16.78499984741211,2882.737089091106
2025-12-08,INTC,BUY,0.12504689067593935,39.98500061035156,2877.737089091106
2025-12-08,KR,BUY,0.07868439915139568,63.54499816894531,2872.737089091106
2025-12-08,LEN,BUY,0.04150410848622732,120.47000122070312,2867.737089091106
2025-12-08,LYB,BUY,0.11807072478933026,42.34749984741211,2862.737089091106
2025-12-08,MAR,BUY,0.01738169172322117,287.65899658203125,2857.737089091106
2025-12-08,MHK,BUY,0.04598546717216813,108.7300033569336,2852.737089091106
2025-12-08,NFLX,BUY,0.05161290322580645,96.875,2847.737089091106
2025-12-08,PSKY,BUY,0.3496503449866776,14.300000190734863,2842.737089091106
2025-12-08,REGN,BUY,0.007114197017577851,702.8200073242188,2837.737089091106
2025-12-08,CRM,SELL,0.0240758273119348,259.0,2843.972728364897
2025-12-08,UHS,BUY,0.022178850008216896,225.44000244140625,2838.972728364897
2025-12-08,WRB,BUY,0.07518232022395925,66.50499725341797,2833.972728364897
2025-12-09,A,BUY,0.03542581848960042,141.13999938964844,2828.5182508917005
2025-12-09,APD,BUY,0.021579060672076315,231.7061004638672,2823.5182508917005
2025-12-09,ARE,BUY,0.11016248782049445,45.38750076293945,2818.5182508917005
2025-12-09,AMGN,BUY,0.015791790485812498,316.6202087402344,2813.5182508917005
2025-12-09,AZO,BUY,0.0014357419259496472,3482.52001953125,2808.5182508917005
2025-12-09,BKR,BUY,0.10500892205704108,47.6150016784668,2803.5182508917005
2025-12-09,TECH,BUY,0.08473140386746057,59.0099983215332,2798.5182508917005
2025-12-09,BSX,BUY,0.05391998079363965,92.7300033569336,2793.5182508917005
2025-12-09,BLDR,BUY,0.047522869692154975,105.2125015258789,2788.5182508917005
2025-12-09,DHI,BUY,0.03352330006443168,149.14999389648438,2783.5182508917005
2025-12-09,ERIE,BUY,0.018032313985906313,277.2799987792969,2778.5182508917005
2025-12-09,INCY,BUY,0.05233136318825253,95.54499816894531,2773.5182508917005
2025-12-09,INTC,BUY,0.12421557361093816,40.252601623535156,2768.5182508917005
2025-12-09,INVH,BUY,0.19124115174820228,26.145000457763672,2763.5182508917005
2025-12-09,KR,BUY,0.07979266763631511,62.66239929199219,2758.5182508917005
2025-12-09,LEN,BUY,0.042603953425328994,117.36000061035156,2753.5182508917005
2025-12-09,LYB,BUY,0.11672697809890838,42.834999084472656,2748.5182508917005
2025-12-09,MAR,BUY,0.01755587201272115,284.80499267578125,2743.5182508917005
2025-12-09,MAS,BUY,0.0815594156285791,61.30500030517578,2738.5182508917005
2025-12-09,MHK,BUY,0.046895515580544174,106.62000274658203,2733.5182508917005
2025-12-09,NFLX,BUY,0.05157829455412038,96.94000244140625,2728.5182508917005
2025-12-09,NEE,BUY,0.06270378898858471,79.73999786376953,2723.5182508917005
2025-12-09,POOL,BUY,0.021419698225945916,233.42999267578125,2718.5182508917005
2025-12-09,PHM,BUY,0.04057700380533242,123.22250366210938,2713.5182508917005
2025-12-09,RCL,BUY,0.0200940399598389,248.8300018310547,2708.5182508917005
2025-12-09,SNDK,SELL,0.0259067357512953,219.35000610351562,2714.2008935368694
2025-12-09,SHW,BUY,0.015533255995719253,321.8900146484375,2709.2008935368694
2025-12-09,SOLV,BUY,0.06216199604354679,80.43499755859375,2704.2008935368694
2025-12-09,SBUX,BUY,0.06075333918099055,82.30000305175781,2699.2008935368694
2025-12-09,VRTX,BUY,0.011385890224562779,439.1400146484375,2694.2008935368694
2025-12-09,WRB,BUY,0.07471608094454917,66.91999816894531,2689.2008935368694
2025-12-09,WST,BUY,0.018765950886446066,266.44000244140625,2684.2008935368694
2025-12-09,WYNN,BUY,0.04027710669069756,124.13999938964844,2679.2008935368694
2025-12-10,APD,BUY,0.021158647757847128,236.30999755859375,2673.5182508917005
2025-12-10,ALB,SELL,0.0420150423545041,133.8300018310547,2679.1411240869356
2025-12-10,AMGN,BUY,0.01580328002941509,316.3900146484375,2674.1411240869356
2025-12-10,AZO,BUY,0.0014575177348523306,3430.489990234375,2669.1411240869356
2025-12-10,BKR,BUY,0.10425354661065414,47.959999084472656,2664.1411240869356
2025-12-10,BSX,BUY,0.05412427093155174,92.37999725341797,2659.1411240869356
2025-12-10,GLW,SELL,0.0584590210611611,94.83100128173828,2664.6848515881156
2025-12-10,ERIE,BUY,0.018117254152322276,275.9800109863281,2659.6848515881156
2025-12-10,GEV,SELL,0.0090621082963977,723.5057983398438,2666.241339485743
2025-12-10,INCY,BUY,0.05242189289139263,95.37999725341797,2661.241339485743
2025-12-10,PODD,BUY,0.01693193432674789,295.29998779296875,2656.241339485743
2025-12-10,LEN,BUY,0.04178854940439393,119.6500015258789,2651.241339485743
2025-12-10,NFLX,BUY,0.05377500343601726,92.9800033569336,2646.241339485743
2025-12-10,ORLY,BUY,0.05338458044522558,93.66000366210938,2641.241339485743
2025-12-10,OMC,SELL,0.066648896610716,77.43000030517578,2646.4019635706504
2025-12-10,STX,SELL,0.0194204931482428,299.8599853515625,2652.2253923616026
2025-12-10,TMUS,BUY,0.025595084943844378,195.35000610351562,2647.2253923616026
2025-12-10,UBER,BUY,0.05935070137086391,84.24500274658203,2642.2253923616026
2025-12-10,VST,BUY,0.030277340550319862,165.13999938964844,2637.2253923616026
2025-12-10,WELL,BUY,0.026002393127966164,192.2899932861328,2632.2253923616026
2025-12-11,APD,BUY,0.02059180837150518,242.81500244140625,2623.5182508917005
2025-12-11,AZO,BUY,0.0014371945961483186,3479.0,2618.5182508917005
2025-12-11,BSX,BUY,0.054487005211749893,91.76499938964844,2613.5182508917005
2025-12-11,EQT,BUY,0.08938946772579327,55.935001373291016,2608.5182508917005
2025-12-11,ERIE,BUY,0.018044352940230615,277.0950012207031,2603.5182508917005
2025-12-11,EXE,BUY,0.04374644630213164,114.29499816894531,2598.5182508917005
2025-12-11,FTNT,BUY,0.06062810629308938,82.47000122070312,2593.5182508917005
2025-12-11,INCY,BUY,0.051972349720241,96.20500183105469,2588.5182508917005
2025-12-11,INTC,BUY,0.12714557922430061,39.32500076293945,2583.5182508917005
2025-12-11,IFF,BUY,0.0791652807769736,63.159000396728516,2578.5182508917005
2025-12-11,ISRG,BUY,0.00916640744412542,545.469970703125,2573.5182508917005
2025-12-11,NFLX,BUY,0.053235211238660124,93.92279815673828,2568.5182508917005
2025-12-11,ORLY,BUY,0.053276505927474654,93.8499984741211,2563.5182508917005
2025-12-11,ORCL,BUY,0.025075226444568888,199.39999389648438,2558.5182508917005
2025-12-11,HOOD,BUY,0.0406437988655384,123.0199966430664,2553.5182508917005
2025-12-11,TMUS,BUY,0.02560426070900861,195.27999877929688,2548.5182508917005
2025-12-11,TTD,BUY,0.13517166188480276,36.9900016784668,2543.5182508917005
2025-12-11,UBER,BUY,0.05835327236347136,85.68499755859375,2538.5182508917005
2025-12-11,WELL,BUY,0.027073858556935577,184.67999267578125,2533.5182508917005
2025-12-12,APH,BUY,0.038800293228290254,128.86500549316406,2528.5182508917014
2025-12-12,AZO,BUY,0.0014543339150668994,3438.0,2523.5182508917014
2025-12-12,AVGO,BUY,0.013997759879980145,357.20001220703125,2518.5182508917014
2025-12-12,DDOG,BUY,0.034169342837655055,146.3300018310547,2513.5182508917014
2025-12-12,DELL,BUY,0.038514864565619374,129.82000732421875,2508.5182508917014
2025-12-12,DLR,BUY,0.03252561262956198,153.72500610351562,2503.5182508917014
2025-12-12,EQT,BUY,0.09039139698334436,55.314998626708984,2498.5182508917014
2025-12-12,EXE,BUY,0.044302675642032545,112.86000061035156,2493.5182508917014
2025-12-12,INTC,BUY,0.131908723414362,37.904998779296875,2488.5182508917014
2025-12-12,MOS,SELL,0.3808798445875866,26.2549991607666,2498.5182508917014
2025-12-12,NVDA,BUY,0.028494899214772825,175.47000122070312,2493.5182508917014
2025-12-12,ORCL,BUY,0.02635323940648915,189.72999572753906,2488.5182508917014
2025-12-12,PWR,BUY,0.011390689599050367,438.9549865722656,2483.5182508917014
2025-12-12,Q,BUY,0.06358491593015789,78.63500213623047,2478.5182508917014
2025-12-12,HOOD,BUY,0.04191817614998029,119.27999877929688,2473.5182508917014
2025-12-12,RCL,SELL,0.03577817531305903,279.5,2483.5182508917014
2025-12-12,SNDK,BUY,0.02422011209488891,206.44000244140625,2478.5182508917014
2025-12-12,SMCI,BUY,0.15424957145705073,32.415000915527344,2473.5182508917014
2025-12-12,TPL,BUY,0.005912122420194286,845.719970703125,2468.5182508917014
2025-12-12,TTD,BUY,0.13596192501804397,36.775001525878906,2463.5182508917014
2025-12-12,UBER,BUY,0.058500057664546586,85.47000122070312,2458.5182508917014
2025-12-12,WELL,BUY,0.02681827898801591,186.44000244140625,2453.5182508917014
